providername;dbaname;blockcode;techcode;maxaddown;maxadup;maxcirdown;maxcirup;county_FIPS;broadband;broadband_pct;mediandown;medianup;prom_provider;prom_tech
Consolidated Communications Holdings, Inc.;Consolidated Communications;480050001022030;50;1000;1000,0;1000;1000;48005;1;0,5163666;25;3,0;ViaSat, Inc.;60
Consolidated Communications Holdings, Inc.;Consolidated Communications;481576730032038;50;1000;1000,0;1000;1000;48157;1;0,5097311;25;3,0;ViaSat, Inc.;60
Consolidated Communications Holdings, Inc.;Consolidated Communications;481851801023004;50;1000;1000,0;1000;1000;48185;1;0,4278000;10;3,0;ViaSat, Inc.;60
Consolidated Communications Holdings, Inc.;Consolidated Communications;482014553001011;50;1000;1000,0;1000;1000;48201;1;0,4850463;18;1,3;SOUTHWESTERN BELL TELEPHONE COMPANY, L.P.;60
Consolidated Communications Holdings, Inc.;Consolidated Communications;483396904012000;50;1000;1000,0;1000;1000;48339;1;0,5003611;25;3,0;ViaSat, Inc.;60
Consolidated Communications Holdings, Inc.;Consolidated Communications;484736801001006;50;1000;1000,0;1000;1000;48473;1;0,4491941;18;1,3;ViaSat, Inc.;60
Google Fiber Texas, LLC;Google Fiber Texas, LLC;480291206001009;50;1000;1000,0;1000;1000;48029;1;0,5725562;25;3,0;SOUTHWESTERN BELL TELEPHONE COMPANY, L.P.;60
Google Fiber Texas, LLC;Google Fiber Texas, LLC;484530003061037;50;1000;1000,0;1000;1000;48453;1;0,5412363;25;3,0;SOUTHWESTERN BELL TELEPHONE COMPANY, L.P.;60
Google Fiber Texas, LLC;Google Fiber Texas, LLC;480559604001064;50;1000;1000,0;1000;1000;48055;1;0,5463103;25;3,0;ViaSat, Inc.;60
Google Fiber Texas, LLC;Google Fiber Texas, LLC;482090109024015;50;1000;1000,0;1000;1000;48209;1;0,5583607;25;3,0;ViaSat, Inc.;60
Google Fiber Texas, LLC;Google Fiber Texas, LLC;484059503002120;50;1000;1000,0;1000;1000;48405;1;0,4232835;10;1,3;ViaSat, Inc.;60
Google Fiber Texas, LLC;Google Fiber Texas, LLC;480850305162008;50;1000;1000,0;1000;1000;48085;1;0,4654768;18;1,3;ViaSat, Inc.;60
Google Fiber Texas, LLC;Google Fiber Texas, LLC;482319607001162;50;1000;1000,0;1000;1000;48231;1;0,3767363;10;3,0;ViaSat, Inc.;60
Google Fiber Texas, LLC;Google Fiber Texas, LLC;481130113002009;50;1000;1000,0;1000;1000;48113;1;0,4651997;18;1,3;SOUTHWESTERN BELL TELEPHONE COMPANY, L.P.;60
Google Fiber Texas, LLC;Google Fiber Texas, LLC;481872107101000;50;1000;1000,0;1000;1000;48187;1;0,5905453;25;3,0;SOUTHWESTERN BELL TELEPHONE COMPANY, L.P.;60
Google Fiber Texas, LLC;Google Fiber Texas, LLC;481199501001153;50;1000;1000,0;1000;1000;48119;1;0,3606256;10;2,0;ViaSat, Inc.;60
Google Fiber Texas, LLC;Google Fiber Texas, LLC;484910203182046;50;1000;1000,0;1000;1000;48491;1;0,4249015;20;3,0;SOUTHWESTERN BELL TELEPHONE COMPANY, L.P.;60
Google Fiber Texas, LLC;Google Fiber Texas, LLC;482570513004051;50;1000;1000,0;1000;1000;48257;1;0,4779512;20;3,0;ViaSat, Inc.;60
Google Fiber Texas, LLC;Google Fiber Texas, LLC;484790017093020;50;1000;1000,0;1000;1000;48479;1;0,4981284;25;3,0;ViaSat, Inc.;60
Google Fiber Texas, LLC;Google Fiber Texas, LLC;484410135002004;50;1000;1000,0;1000;1000;48441;1;0,5021825;25;3,0;ViaSat, Inc.;60
Muenster Telephone Corporation of Texas;Nortex Communications;480970002001143;50;1000;1000,0;   0;   0;48097;1;0,5442173;25;3,0;ViaSat, Inc.;60
Muenster Telephone Corporation of Texas;Nortex Communications;481210201034013;50;1000;1000,0;   0;   0;48121;1;0,4977037;25;3,0;BelWave Communications, Inc.;60
Muenster Telephone Corporation of Texas;Nortex Communications;483379506001002;50;1000;1000,0;   0;   0;48337;1;0,4662438;20;3,0;ViaSat, Inc.;60
CenturyLink, Inc.;CenturyLink;480270219033000;50;1000;1000,0;   0;   0;48027;1;0,5138572;25;3,0;ViaSat, Inc.;60
CenturyLink, Inc.;CenturyLink;480990104003019;50;1000;1000,0;   0;   0;48099;1;0,5738118;25;3,0;ViaSat, Inc.;60
CenturyLink, Inc.;CenturyLink;481439506001060;50;1000;1000,0;   0;   0;48143;1;0,6518958;25;3,0;ViaSat, Inc.;60
CenturyLink, Inc.;CenturyLink;484971502004081;50;1000;1000,0;   0;   0;48497;1;0,5289755;25;3,0;AMG Technology Investment Group;60
Central Texas Telephone Coop Inc;Central Texas Tel Coop Inc.;480539602002002;50;1000; 100,0;1000; 100;48053;1;0,4334735;20;3,0;ViaSat, Inc.;60
Central Texas Telephone Coop Inc;Central Texas Tel Coop Inc.;480959503002006;50;1000; 100,0;1000; 100;48095;1;0,4325551; 8;2,0;ViaSat, Inc.;60
Central Texas Telephone Coop Inc;Central Texas Tel Coop Inc.;481939502001213;50;1000; 100,0;1000; 100;48193;1;0,5512383;25;3,0;ViaSat, Inc.;60
Central Texas Telephone Coop Inc;Central Texas Tel Coop Inc.;482819501001025;50;1000; 100,0;1000; 100;48281;1;0,4794900;18;3,0;ViaSat, Inc.;60
Central Texas Telephone Coop Inc;Central Texas Tel Coop Inc.;482999701002022;50;1000; 100,0;1000; 100;48299;1;0,4088065;12;3,0;ViaSat, Inc.;60
Central Texas Telephone Coop Inc;Central Texas Tel Coop Inc.;483079504001268;50;1000; 100,0;1000; 100;48307;1;0,4362243;12;1,3;ViaSat, Inc.;60
Central Texas Telephone Coop Inc;Central Texas Tel Coop Inc.;483339502003046;50;1000; 100,0;1000; 100;48333;1;0,4486175; 8;1,3;Central Texas Telephone Coop Inc;60
Central Texas Telephone Coop Inc;Central Texas Tel Coop Inc.;484119501002099;50;1000; 100,0;1000; 100;48411;1;0,4399680; 8;1,3;ViaSat, Inc.;60
Central Texas Telephone Coop Inc;Central Texas Tel Coop Inc.;484510016004284;50;1000; 100,0;1000; 100;48451;1;0,3916543; 6;1,3;Frontier Communications Corporation;60
AMG Technology Investment Group;Nextlink Residential;483671404072085;50;1000;1000,0;   0;   0;48367;1;0,5761242;25;3,0;AMG Technology Investment Group;60
AMG Technology Investment Group;Nextlink Residential;484391006011021;50;1000;1000,0;   0;   0;48439;1;0,5442693;25;3,0;SOUTHWESTERN BELL TELEPHONE COMPANY, L.P.;60
Mid-Plains Rural Telephone Cooperative, Inc.;Mid-Plains Communications;484379503002014;50;1000; 100,0;   0;   0;48437;1;0,5090909;25;3,0;ViaSat, Inc.;60
Totelcom Networks, LLC;Totelcom Networks, LLC;480939502002025;50;1000;1000,0;1000;1000;48093;1;0,4589200;25;2,0;ViaSat, Inc.;60
Brazoria Telephone Company;BTEL Communications;480396621001114;50;1000;1000,0;   0;   0;48039;1;0,4677003;18;3,0;SOUTHWESTERN BELL TELEPHONE COMPANY, L.P.;60
Valley Telephone Cooperative, Inc.;VTCI;480139605001014;50;1000;1000,0;   0;   0;48013;1;0,5102192;25;3,0;ViaSat, Inc.;60
Valley Telephone Cooperative, Inc.;VTCI;480479501002358;50;1000;1000,0;   0;   0;48047;1;0,5682340;25;3,0;ViaSat, Inc.;60
Valley Telephone Cooperative, Inc.;VTCI;480610102011012;50;1000;1000,0;   0;   0;48061;1;0,5908435;25;3,0;ViaSat, Inc.;60
Valley Telephone Cooperative, Inc.;VTCI;481319505001619;50;1000;1000,0;   0;   0;48131;1;0,4911888;25;3,0;ViaSat, Inc.;60
Valley Telephone Cooperative, Inc.;VTCI;481639501001307;50;1000;1000,0;   0;   0;48163;1;0,4851706;25;2,0;ViaSat, Inc.;60
Valley Telephone Cooperative, Inc.;VTCI;482150242012020;50;1000;1000,0;   0;   0;48215;1;0,6806976;30;3,0;Coba Systems;60
Valley Telephone Cooperative, Inc.;VTCI;482479504002653;50;1000;1000,0;   0;   0;48247;1;0,4814219;18;1,3;ViaSat, Inc.;60
Valley Telephone Cooperative, Inc.;VTCI;482619501001820;50;1000;1000,0;   0;   0;48261;1;0,5276334;25;3,0;ViaSat, Inc.;60
Valley Telephone Cooperative, Inc.;VTCI;482839503001364;50;1000;1000,0;   0;   0;48283;1;0,4476683;25;2,0;ViaSat, Inc.;60
Valley Telephone Cooperative, Inc.;VTCI;482979503001220;50;1000;1000,0;   0;   0;48297;1;0,5426199;25;3,0;ViaSat, Inc.;60
Valley Telephone Cooperative, Inc.;VTCI;483119501001373;50;1000;1000,0;   0;   0;48311;1;0,4955527;25;3,0;ViaSat, Inc.;60
Valley Telephone Cooperative, Inc.;VTCI;484279501011130;50;1000;1000,0;   0;   0;48427;1;0,5618867;25;3,0;ViaSat, Inc.;60
Valley Telephone Cooperative, Inc.;VTCI;484899507002397;50;1000;1000,0;   0;   0;48489;1;0,6351182;25;3,0;ViaSat, Inc.;60
SOUTHWESTERN BELL TELEPHONE COMPANY, L.P.;AT&T Southwest;483090014003031;50;1000;1000,0;   0;   0;48309;1;0,5250011;25;3,0;SOUTHWESTERN BELL TELEPHONE COMPANY, L.P.;60
SOUTHWESTERN BELL TELEPHONE COMPANY, L.P.;AT&T Southwest;482511311005013;50;1000;1000,0;   0;   0;48251;1;0,5468826;25;3,0;SOUTHWESTERN BELL TELEPHONE COMPANY, L.P.;60
SOUTHWESTERN BELL TELEPHONE COMPANY, L.P.;AT&T Southwest;482211601002074;50;1000;1000,0;   0;   0;48221;1;0,5530220;25;3,0;AMG Technology Investment Group;60
SOUTHWESTERN BELL TELEPHONE COMPANY, L.P.;AT&T Southwest;483217303012027;50;1000;1000,0;   0;   0;48321;1;0,5048363;25;3,0;ViaSat, Inc.;60
SOUTHWESTERN BELL TELEPHONE COMPANY, L.P.;AT&T Southwest;481677247002001;50;1000;1000,0;   0;   0;48167;1;0,4623965;18;1,3;SOUTHWESTERN BELL TELEPHONE COMPANY, L.P.;60
SOUTHWESTERN BELL TELEPHONE COMPANY, L.P.;AT&T Southwest;483030015012019;50;1000;1000,0;   0;   0;48303;1;0,4600410;18;2,0;SOUTHWESTERN BELL TELEPHONE COMPANY, L.P.;60
SOUTHWESTERN BELL TELEPHONE COMPANY, L.P.;AT&T Southwest;483810201001005;50;1000;1000,0;   0;   0;48381;1;0,5624568;25;3,0;ViaSat, Inc.;60
SOUTHWESTERN BELL TELEPHONE COMPANY, L.P.;AT&T Southwest;483290015002080;50;1000;1000,0;   0;   0;48329;1;0,5902257;25;3,0;SOUTHWESTERN BELL TELEPHONE COMPANY, L.P.;60
SOUTHWESTERN BELL TELEPHONE COMPANY, L.P.;AT&T Southwest;481410025002027;50;1000;1000,0;   0;   0;48141;1;0,4562326;18;1,3;SOUTHWESTERN BELL TELEPHONE COMPANY, L.P.;60
SOUTHWESTERN BELL TELEPHONE COMPANY, L.P.;AT&T Southwest;483550009004014;50;1000;1000,0;   0;   0;48355;1;0,5866106;25;3,0;SOUTHWESTERN BELL TELEPHONE COMPANY, L.P.;60
SOUTHWESTERN BELL TELEPHONE COMPANY, L.P.;AT&T Southwest;483970404021024;50;1000;1000,0;   0;   0;48397;1;0,4182205;15;3,0;SOUTHWESTERN BELL TELEPHONE COMPANY, L.P.;60
SOUTHWESTERN BELL TELEPHONE COMPANY, L.P.;AT&T Southwest;481390602061021;50;1000;1000,0;   0;   0;48139;1;0,5069593;25;3,0;AMG Technology Investment Group;60
SOUTHWESTERN BELL TELEPHONE COMPANY, L.P.;AT&T Southwest;482770005003012;50;1000;1000,0;   0;   0;48277;1;0,5046218;25;3,0;ViaSat, Inc.;60
SOUTHWESTERN BELL TELEPHONE COMPANY, L.P.;AT&T Southwest;481350019002006;50;1000;1000,0;   0;   0;48135;1;0,5467819;25;3,0;SOUTHWESTERN BELL TELEPHONE COMPANY, L.P.;60
SOUTHWESTERN BELL TELEPHONE COMPANY, L.P.;AT&T Southwest;482450006002026;50;1000;1000,0;   0;   0;48245;1;0,4984013;18;1,5;SOUTHWESTERN BELL TELEPHONE COMPANY, L.P.;60
SOUTHWESTERN BELL TELEPHONE COMPANY, L.P.;AT&T Southwest;483750145004005;50;1000;1000,0;   0;   0;48375;1;0,5446983;25;3,0;SOUTHWESTERN BELL TELEPHONE COMPANY, L.P.;60
SOUTHWESTERN BELL TELEPHONE COMPANY, L.P.;AT&T Southwest;480913101003030;50;1000;1000,0;   0;   0;48091;1;0,5803972;25;3,0;ViaSat, Inc.;60
SOUTHWESTERN BELL TELEPHONE COMPANY, L.P.;AT&T Southwest;480079503004003;50;1000;1000,0;   0;   0;48007;1;0,5148537;25;3,0;SOUTHWESTERN BELL TELEPHONE COMPANY, L.P.;60
SOUTHWESTERN BELL TELEPHONE COMPANY, L.P.;AT&T Southwest;484717902001026;50;1000;1000,0;   0;   0;48471;1;0,4827855;18;1,5;ViaSat, Inc.;60
SOUTHWESTERN BELL TELEPHONE COMPANY, L.P.;AT&T Southwest;482917001001127;50;1000;1000,0;   0;   0;48291;1;0,4299056;12;1,3;ViaSat, Inc.;60
SOUTHWESTERN BELL TELEPHONE COMPANY, L.P.;AT&T Southwest;483239507004052;50;1000;1000,0;   0;   0;48323;1;0,4650187;15;1,5;ViaSat, Inc.;60
SOUTHWESTERN BELL TELEPHONE COMPANY, L.P.;AT&T Southwest;483250001021035;50;1000;1000,0;   0;   0;48325;1;0,4738817;25;2,0;ViaSat, Inc.;60
SOUTHWESTERN BELL TELEPHONE COMPANY, L.P.;AT&T Southwest;483610207004025;50;1000;1000,0;   0;   0;48361;1;0,5143251;25;3,0;ViaSat, Inc.;60
SOUTHWESTERN BELL TELEPHONE COMPANY, L.P.;AT&T Southwest;484771701001046;50;1000;1000,0;   0;   0;48477;1;0,4176594; 6;3,0;ViaSat, Inc.;60
SOUTHWESTERN BELL TELEPHONE COMPANY, L.P.;AT&T Southwest;482499505003055;50;1000;1000,0;   0;   0;48249;1;0,5816084;25;3,0;ViaSat, Inc.;60
SOUTHWESTERN BELL TELEPHONE COMPANY, L.P.;AT&T Southwest;480219501004020;50;1000;1000,0;   0;   0;48021;1;0,5250441;25;3,0;ViaSat, Inc.;60
SOUTHWESTERN BELL TELEPHONE COMPANY, L.P.;AT&T Southwest;480157605012005;50;1000;1000,0;   0;   0;48015;1;0,3752044; 6;3,0;ViaSat, Inc.;60
SOUTHWESTERN BELL TELEPHONE COMPANY, L.P.;AT&T Southwest;480717103003047;50;1000;1000,0;   0;   0;48071;1;0,4462240;15;2,0;ViaSat, Inc.;60
SOUTHWESTERN BELL TELEPHONE COMPANY, L.P.;AT&T Southwest;483179501001758;50;1000;1000,0;   0;   0;48317;1;0,4663054;10;3,0;ViaSat, Inc.;60
SOUTHWESTERN BELL TELEPHONE COMPANY, L.P.;AT&T Southwest;481830107004076;50;1000;1000,0;   0;   0;48183;1;0,3732204;10;2,0;ViaSat, Inc.;60
SOUTHWESTERN BELL TELEPHONE COMPANY, L.P.;AT&T Southwest;484499503003030;50;1000;1000,0;   0;   0;48449;1;0,4195295;10;1,3;SOUTHWESTERN BELL TELEPHONE COMPANY, L.P.;60
SOUTHWESTERN BELL TELEPHONE COMPANY, L.P.;AT&T Southwest;484072001012193;50;1000;1000,0;   0;   0;48407;1;0,4243800;10;1,3;ViaSat, Inc.;60
SOUTHWESTERN BELL TELEPHONE COMPANY, L.P.;AT&T Southwest;484999506022061;50;1000;1000,0;   0;   0;48499;1;0,3521893;10;1,3;PEOPLES TELEPHONE COOPERATIVE, INC.;60
SOUTHWESTERN BELL TELEPHONE COMPANY, L.P.;AT&T Southwest;481179503001015;50;1000;1000,0;   0;   0;48117;1;0,5411756;25;3,0;ViaSat, Inc.;60
SOUTHWESTERN BELL TELEPHONE COMPANY, L.P.;AT&T Southwest;482419503003008;50;1000;1000,0;   0;   0;48241;1;0,4227786;10;1,3;ViaSat, Inc.;60
SOUTHWESTERN BELL TELEPHONE COMPANY, L.P.;AT&T Southwest;484230020083039;50;1000;1000,0;   0;   0;48423;1;0,3885495; 8;2,0;ViaSat, Inc.;60
Colorado Valley Telephone Cooperative, Inc.;Colorado Valley Telephone Cooperative, Inc.;481499702002020;50;1000;1000,0;   0;   0;48149;1;0,4922441;25;3,0;ViaSat, Inc.;60
Colorado Valley Telephone Cooperative, Inc.;Colorado Valley Telephone Cooperative, Inc.;480897503004071;50;1000;1000,0;   0;   0;48089;1;0,4561908;15;3,0;ViaSat, Inc.;60
Colorado Valley Telephone Cooperative, Inc.;Colorado Valley Telephone Cooperative, Inc.;482870003003066;50;1000;1000,0;   0;   0;48287;1;0,4776900;25;3,0;Unified Communications, Inc.;60
Colorado Valley Telephone Cooperative, Inc.;Colorado Valley Telephone Cooperative, Inc.;482850003001010;50;1000;1000,0;   0;   0;48285;1;0,4234183;10;1,3;SOUTHWESTERN BELL TELEPHONE COMPANY, L.P.;60
Cutter Communications, Inc. dba Grayson Collin Communications;Grayson Collin Communications;481810019002204;50;1000;1000,0;   0;   0;48181;1;0,5350685;25;3,0;ViaSat, Inc.;60
Vyve Broadband A, LLC;Vyve Broadband;480370113001008;43;1000;  15,0;   0;   0;48037;1;0,5044404;25;3,0;Valor Telecommunications of Texas, LLC;60
Cable One, Inc.;Cable ONE;480039502002014;42;1000;  50,0;   0;   0;48003;1;0,5211377;25;3,0;GCI Communication Corp.;60
Cable One, Inc.;Cable ONE;480570001001004;42;1000;  50,0;   0;   0;48057;1;0,5858781;25;3,0;ViaSat, Inc.;60
Cable One, Inc.;Cable ONE;480659501002025;42;1000;  50,0;   0;   0;48065;1;0,5227240;25;3,0;ViaSat, Inc.;60
Cable One, Inc.;Cable ONE;481479503001004;42;1000;  50,0;   0;   0;48147;1;0,4239588; 6;2,0;ViaSat, Inc.;60
Cable One, Inc.;Cable ONE;481799501001052;42;1000;  50,0;   0;   0;48179;1;0,4103450;15;2,0;ViaSat, Inc.;60
Cable One, Inc.;Cable ONE;482339502001007;42;1000;  50,0;   0;   0;48233;1;0,4788064;20;3,0;ViaSat, Inc.;60
Cable One, Inc.;Cable ONE;482399501004224;42;1000;  50,0;   0;   0;48239;1;0,5080627;25;3,0;ViaSat, Inc.;60
Cable One, Inc.;Cable ONE;483419501001053;42;1000;  50,0;   0;   0;48341;1;0,5608654;25;3,0;ViaSat, Inc.;60
Cable One, Inc.;Cable ONE;483479504004017;42;1000;  50,0;   0;   0;48347;1;0,4860631;18;1,3;ViaSat, Inc.;60
Cable One, Inc.;Cable ONE;484090102011000;42;1000;  50,0;   0;   0;48409;1;0,5690234;25;3,0;ViaSat, Inc.;60
Cable One, Inc.;Cable ONE;484619501001056;42;1000;  50,0;   0;   0;48461;1;0,4620541;18;1,3;GCI Communication Corp.;60
Cable One, Inc.;Cable ONE;484690017003053;42;1000;  50,0;   0;   0;48469;1;0,4021750;15;1,3;SOUTHWESTERN BELL TELEPHONE COMPANY, L.P.;60
Taylor Electric Cooperative;Taylor Electric Cooperative;482530205002128;50;1000;1000,0;   0;   0;48253;1;0,3771234;15;2,0;ViaSat, Inc.;60
Hill Country Telephone Cooperative, Inc.;Hill Country Telephone Cooperative, Inc.;481719501001244;50;1000;1000,0;   0;   0;48171;1;0,4620192;12;1,3;ViaSat, Inc.;60
Hill Country Telephone Cooperative, Inc.;Hill Country Telephone Cooperative, Inc.;482599701002011;50;1000;1000,0;   0;   0;48259;1;0,4759043;12;1,5;ViaSat, Inc.;60
Hill Country Telephone Cooperative, Inc.;Hill Country Telephone Cooperative, Inc.;482659601001094;50;1000;1000,0;   0;   0;48265;1;0,4620357;15;1,5;ViaSat, Inc.;60
Hill Country Telephone Cooperative, Inc.;Hill Country Telephone Cooperative, Inc.;482679501001611;50;1000;1000,0;   0;   0;48267;1;0,4636445;25;2,0;ViaSat, Inc.;60
Hill Country Telephone Cooperative, Inc.;Hill Country Telephone Cooperative, Inc.;483199501001000;50;1000;1000,0;   0;   0;48319;1;0,4974711;12;1,3;ViaSat, Inc.;60
Hill Country Telephone Cooperative, Inc.;Hill Country Telephone Cooperative, Inc.;484359503001005;50;1000;1000,0;   0;   0;48435;1;0,3834881; 4;1,3;ViaSat, Inc.;60
Taylor Telephone Cooperative, Inc.;Taylor Telephone Cooperative, Inc.;480590301021027;50;1000;1000,0;   0;   0;48059;1;0,5278871;25;3,0;ViaSat, Inc.;60
Taylor Telephone Cooperative, Inc.;Taylor Telephone Cooperative, Inc.;480819501001125;50;1000;1000,0;   0;   0;48081;1;0,3516077; 4;1,3;ViaSat, Inc.;60
Taylor Telephone Cooperative, Inc.;Taylor Telephone Cooperative, Inc.;480839506001056;50;1000;1000,0;   0;   0;48083;1;0,3469078;12;2,0;Coleman County Telephone Coop, Inc;60
Taylor Telephone Cooperative, Inc.;Taylor Telephone Cooperative, Inc.;483539501002130;50;1000;1000,0;   0;   0;48353;1;0,4289358;15;2,0;ViaSat, Inc.;60
Taylor Telephone Cooperative, Inc.;Taylor Telephone Cooperative, Inc.;483999501001001;50;1000;1000,0;   0;   0;48399;1;0,3745154;15;2,0;Frontier Communications Corporation;60
Taylor Telephone Cooperative, Inc.;Taylor Telephone Cooperative, Inc.;484179503004093;50;1000;1000,0;   0;   0;48417;1;0,4035473;12;2,0;ViaSat, Inc.;60
Hill Country Telephone Cooperative, Inc.;Hill Country Telephone Cooperative, Inc.;484639501001243;50;1000;1000,0;   0;   0;48463;1;0,5516545;25;3,0;ViaSat, Inc.;60
Hill Country Telephone Cooperative, Inc.;Hill Country Telephone Cooperative, Inc.;483859501002413;50;1000;1000,0;   0;   0;48385;1;0,5255319;25;3,0;ViaSat, Inc.;60
Hill Country Telephone Cooperative, Inc.;Hill Country Telephone Cooperative, Inc.;481379503002957;50;1000;1000,0;   0;   0;48137;1;0,4746053;10;1,3;ViaSat, Inc.;60
Hill Country Telephone Cooperative, Inc.;Hill Country Telephone Cooperative, Inc.;480190002002297;50;1000;1000,0;   0;   0;48019;1;0,4503178;10;1,3;ViaSat, Inc.;60
Guadalupe Valley Telephone Cooperative, Inc.;GVTC;480319502004174;50;1000; 250,0;   0;   0;48031;1;0,4631371;12;3,0;ViaSat, Inc.;60
Guadalupe Valley Telephone Cooperative, Inc.;GVTC;481770002002027;50;1000; 250,0;   0;   0;48177;1;0,5722060;25;3,0;ViaSat, Inc.;60
Livingston Telephone Company;Livingston Telephone;483732101013023;50;1000; 100,0;   0;   0;48373;1;0,4456400;10;1,3;ViaSat, Inc.;60
Innovative Financial Technologies LLC;AW Broadband;480699502001037;50;1000;1000,0;   0;   0;48069;1;0,5073966;25;3,0;ViaSat, Inc.;60
Innovative Financial Technologies LLC;AW Broadband;481539505001585;50;1000;1000,0;   0;   0;48153;1;0,4226444;15;2,0;ViaSat, Inc.;60
Peoples Communication, LLC;PEOPLES;484679508001048;50;1000; 100,0;1000; 150;48467;1;0,3723363;10;3,0;ViaSat, Inc.;60
Peoples Communication, LLC;PEOPLES;483799501002014;50;1000; 100,0;1000;1000;48379;1;0,3654121;10;3,0;ViaSat, Inc.;60
Panhandle Telephone Cooperative Inc;Panhandle Telephone Cooperative;484219502001879;50;1000; 100,0;   0;   0;48421;1;0,4674080;15;2,0;ViaSat, Inc.;60
Panhandle Telephone Cooperative Inc;Panhandle Telephone Cooperative;481959501001089;50;1000; 100,0;   0;   0;48195;1;0,3376171;12;2,0;ViaSat, Inc.;60
Brazos WiFi;BrazosWiFi;480410001021035;50;1000;1000,0;1000;1000;48041;1;0,3880634; 6;3,0;Frontier Communications Corporation;60
City of Burlington d/b/a Burlington Telecom;City of Burlington d/b/a Burlington Telecom;483319501001054;50;1000;1000,0;1000;1000;48331;1;0,4626168;20;3,0;Unified Communications, Inc.;60
Ganado Telephone Company, Inc.;Ganado Telephone Company;484817411002010;50;1000;  50,0;1000;1000;48481;1;0,4108395;15;3,0;ViaSat, Inc.;60
Pride Network , Inc.;Pride Network, Inc.;481899503001025;50;1000; 500,0;   0;   0;48189;1;0,4161549;15;2,0;GCI Communication Corp.;60
Santa Rosa Telephone Coop., Inc. CLEC;SANTA ROSA TELEPHONE COOPERATIVE - 0005063615;484879507001031;50;1000;1000,0;   0;   0;48487;1;0,5147531;25;3,0;ViaSat, Inc.;60
Santa Rosa Telephone Coop., Inc. CLEC;SANTA ROSA TELEPHONE COOPERATIVE - 0005063615;484850128004030;50;1000;1000,0;   0;   0;48485;1;0,4640236;18;3,0;SOUTHWESTERN BELL TELEPHONE COMPANY, L.P.;60
Santa Rosa Telephone Coop., Inc. CLEC;SANTA ROSA TELEPHONE COOPERATIVE - 0005063615;484479503002040;50;1000;1000,0;   0;   0;48447;1;0,4203096;10;2,0;ViaSat, Inc.;60
Santa Rosa Telephone Coop., Inc. CLEC;SANTA ROSA TELEPHONE COOPERATIVE - 0005063615;484339503002494;50;1000;1000,0;   0;   0;48433;1;0,5230363;25;3,0;ViaSat, Inc.;60
Santa Rosa Telephone Coop., Inc. CLEC;SANTA ROSA TELEPHONE COOPERATIVE - 0005063615;482759502002030;50;1000;1000,0;   0;   0;48275;1;0,5131981;25;3,0;ViaSat, Inc.;60
Santa Rosa Telephone Coop., Inc. CLEC;SANTA ROSA TELEPHONE COOPERATIVE - 0005063615;482079504001039;50;1000;1000,0;   0;   0;48207;1;0,4446629;15;2,0;ViaSat, Inc.;60
Santa Rosa Telephone Coop., Inc. CLEC;SANTA ROSA TELEPHONE COOPERATIVE - 0005063615;480759502004015;50;1000;1000,0;   0;   0;48075;1;0,3724582; 6;2,0;ViaSat, Inc.;60
Santa Rosa Telephone Coop., Inc. CLEC;SANTA ROSA TELEPHONE COOPERATIVE - 0005063615;480239503001474;50;1000;1000,0;   0;   0;48023;1;0,4598191; 4;2,0;ViaSat, Inc.;60
Santa Rosa Telephone Coop., Inc. CLEC;SANTA ROSA TELEPHONE COOPERATIVE - 0005063615;480090202003053;50;1000;1000,0;   0;   0;48009;1;0,5765370;25;3,0;ViaSat, Inc.;60
Fidelity Communications Co.;CoBridge Communications;480679501003029;40;1000;  15,0;1000;  20;48067;1;0,4612919;12;1,3;ViaSat, Inc.;60
Fidelity Communications Co.;CoBridge Communications;482030201031039;50;1000;1000,0;1000;1000;48203;1;0,4356123;10;1,3;ViaSat, Inc.;60
Fidelity Communications Co.;CoBridge Communications;483159504001034;50;1000;1000,0;1000;1000;48315;1;0,4823356;18;1,3;ViaSat, Inc.;60
Fidelity Communications Co.;CoBridge Communications;483659503001019;40;1000;  15,0;1000;  20;48365;1;0,4386471;10;1,3;ViaSat, Inc.;60
En-Touch Systems, Inc.;En-Touch Systems, Inc.;482939707002094;50;1000;1000,0;   0;   0;48293;1;0,5212141;25;3,0;ViaSat, Inc.;60
Smartcom Telephone, LLC;Smartcom Telephone;482730203003023;50;1000;1000,0;1000;1000;48273;1;0,5403649;25;3,0;ViaSat, Inc.;60
E.N.M.R. Telephone Cooperative;ENMR;483699503001073;50;1000;1000,0;   0;   0;48369;1;0,4327304;10;1,3;ViaSat, Inc.;60
Santa Rosa Telephone Coop, Inc.;SANTA ROSA TELEPHONE COOPERATIVE - 0004278420;480770303012047;50;1000;1000,0;   0;   0;48077;1;0,4525282;12;3,0;ViaSat, Inc.;60
Santa Rosa Telephone Coop, Inc.;SANTA ROSA TELEPHONE COOPERATIVE - 0004278420;481019501001203;50;1000;1000,0;   0;   0;48101;1;0,5030271;25;3,0;ViaSat, Inc.;60
Santa Rosa Telephone Coop, Inc.;SANTA ROSA TELEPHONE COOPERATIVE - 0004278420;481559501001658;50;1000;1000,0;   0;   0;48155;1;0,5091830;25;3,0;ViaSat, Inc.;60
Santa Rosa Telephone Coop, Inc.;SANTA ROSA TELEPHONE COOPERATIVE - 0004278420;481979501001579;50;1000;1000,0;   0;   0;48197;1;0,3999298; 3;2,0;ViaSat, Inc.;60
Santa Rosa Telephone Coop, Inc.;SANTA ROSA TELEPHONE COOPERATIVE - 0004278420;482699501001043;50;1000;1000,0;   0;   0;48269;1;0,5096993;25;3,0;ViaSat, Inc.;60
Valor Telecommunications of Texas, LLC;Valor Telecommunications of Texas LP;481159504011000;50;1000;1000,0;   0;   0;48115;1;0,4284562;10;3,0;ViaSat, Inc.;60
Valor Telecommunications of Texas, LLC;Valor Telecommunications of Texas LP;481610001001267;50;1000;1000,0;   0;   0;48161;1;0,4846493;20;1,5;ViaSat, Inc.;60
Valor Telecommunications of Texas, LLC;Valor Telecommunications of Texas LP;482199503001034;50;1000;1000,0;   0;   0;48219;1;0,3882023;15;2,0;ViaSat, Inc.;60
Valor Telecommunications of Texas, LLC;Valor Telecommunications of Texas LP;482259502001036;50;1000;1000,0;   0;   0;48225;1;0,4634174;24;1,5;ViaSat, Inc.;60
Valor Telecommunications of Texas, LLC;Valor Telecommunications of Texas LP;482799505003057;50;1000;1000,0;   0;   0;48279;1;0,4372733;15;2,0;ViaSat, Inc.;60
Valor Telecommunications of Texas, LLC;Valor Telecommunications of Texas LP;483899502001035;50;1000;1000,0;   0;   0;48389;1;0,4281025;12;1,5;ViaSat, Inc.;60
Valor Telecommunications of Texas, LLC;Valor Telecommunications of Texas LP;484250001001117;50;1000;1000,0;   0;   0;48425;1;0,5428927;25;3,0;AMG Technology Investment Group;60
Texas Windstream, LLC;Texas Windstream Inc.;480359501001233;50;1000;1000,0;   0;   0;48035;1;0,5568155;25;3,0;AMG Technology Investment Group;60
Suddenlink Communications;Suddenlink Communications;484599504004033;43;1000;  50,0;   0;   0;48459;1;0,4252562;16;2,0;ViaSat, Inc.;60
Suddenlink Communications;Suddenlink Communications;484159506005041;42;1000;  50,0;   0;   0;48415;1;0,4071637;15;2,0;ViaSat, Inc.;60
Suddenlink Communications;Suddenlink Communications;484019510002009;43;1000;  50,0;   0;   0;48401;1;0,3929646;10;1,3;ViaSat, Inc.;60
Suddenlink Communications;Suddenlink Communications;483959605001114;43;1000;  50,0;   0;   0;48395;1;0,4098188;10;1,5;ViaSat, Inc.;60
Suddenlink Communications;Suddenlink Communications;483630008003023;43;1000;  50,0;   0;   0;48363;1;0,6296515;25;3,0;AMG Technology Investment Group;60
Suddenlink Communications;Suddenlink Communications;483130003002050;43;1000;  50,0;   0;   0;48313;1;0,3635011;10;1,3;ViaSat, Inc.;60
Suddenlink Communications;Suddenlink Communications;482279509002150;43;1000;  50,0;   0;   0;48227;1;0,3926973;10;3,0;ViaSat, Inc.;60
Suddenlink Communications;Suddenlink Communications;482239507005092;43;1000;  50,0;   0;   0;48223;1;0,3763011; 6;1,3;Frontier Communications Corporation;60
Suddenlink Communications;Suddenlink Communications;482139513004111;43;1000; 150,0;   0;   0;48213;1;0,5026358;25;3,0;ViaSat, Inc.;60
Suddenlink Communications;Suddenlink Communications;481759601002080;43;1000;  50,0;   0;   0;48175;1;0,4439731;12;1,3;SOUTHWESTERN BELL TELEPHONE COMPANY, L.P.;60
Suddenlink Communications;Suddenlink Communications;481699501005154;43;1000;  50,0;   0;   0;48169;1;0,4447884;15;3,0;ViaSat, Inc.;60
Suddenlink Communications;Suddenlink Communications;481659501002081;43;1000;  50,0;   0;   0;48165;1;0,4317757;15;2,0;ViaSat, Inc.;60
Suddenlink Communications;Suddenlink Communications;481599503002061;42;1000;  50,0;   0;   0;48159;1;0,3913777;10;2,0;PEOPLES TELEPHONE COOPERATIVE, INC.;60
Suddenlink Communications;Suddenlink Communications;481339503003053;43;1000;1000,0;   0;   0;48133;1;0,5365332;25;3,0;ViaSat, Inc.;60
Suddenlink Communications;Suddenlink Communications;481519503002447;43;1000;  50,0;   0;   0;48151;1;0,3604287;15;2,0;ViaSat, Inc.;60
Suddenlink Communications;Suddenlink Communications;480739510002121;43;1000;  50,0;   0;   0;48073;1;0,3936205;25;2,0;Frontier Communications Corporation;60
Suddenlink Communications;Suddenlink Communications;480639502003039;43;1000;  50,0;   0;   0;48063;1;0,4042598;10;1,3;SOUTHWESTERN BELL TELEPHONE COMPANY, L.P.;60
COMCAST CABLE COMMUNICATIONS, LLC;Comcast;480499511002069;43; 987;  35,0;   0;   0;48049;1;0,3841733;15;3,0;CT CUBE INC DBA WEST CENTRAL WIRELESS;60
COMCAST CABLE COMMUNICATIONS, LLC;Comcast;480519705002037;43; 987;  35,0;   0;   0;48051;1;0,4224796;25;3,0;Frontier Communications Corporation;60
COMCAST CABLE COMMUNICATIONS, LLC;Comcast;481059501004079;43; 987;  35,0;   0;   0;48105;1;0,3866688; 4;1,3;GCI Communication Corp.;60
COMCAST CABLE COMMUNICATIONS, LLC;Comcast;481239702002026;43; 987;  35,0;   0;   0;48123;1;0,4464945;12;1,3;SOUTHWESTERN BELL TELEPHONE COMPANY, L.P.;60
COMCAST CABLE COMMUNICATIONS, LLC;Comcast;481990305011021;43; 987;  35,0;   0;   0;48199;1;0,4670029;12;1,3;ViaSat, Inc.;60
COMCAST CABLE COMMUNICATIONS, LLC;Comcast;482179602001126;43; 987;  35,0;   0;   0;48217;1;0,5314288;25;3,0;AMG Technology Investment Group;60
COMCAST CABLE COMMUNICATIONS, LLC;Comcast;482899502004076;43; 987;  35,0;   0;   0;48289;1;0,4511301;10;1,5;ViaSat, Inc.;60
COMCAST CABLE COMMUNICATIONS, LLC;Comcast;483499707003006;43; 987;  35,0;   0;   0;48349;1;0,5112705;25;3,0;ViaSat, Inc.;60
COMCAST CABLE COMMUNICATIONS, LLC;Comcast;483519501003048;43; 987;  35,0;   0;   0;48351;1;0,4744118;12;1,3;ViaSat, Inc.;60
COMCAST CABLE COMMUNICATIONS, LLC;Comcast;483719505002215;43; 987;  35,0;   0;   0;48371;1;0,3981580;12;1,3;Big Bend Telephone Company, Inc.;60
COMCAST CABLE COMMUNICATIONS, LLC;Comcast;484039501001048;43; 987;  35,0;   0;   0;48403;1;0,4834069;25;1,5;ViaSat, Inc.;60
COMCAST CABLE COMMUNICATIONS, LLC;Comcast;484199504004021;43; 987;  35,0;   0;   0;48419;1;0,3907271;10;1,3;ViaSat, Inc.;60
COMCAST CABLE COMMUNICATIONS, LLC;Comcast;484559502004003;43; 987;  35,0;   0;   0;48455;1;0,4581630;25;1,5;ViaSat, Inc.;60
COMCAST CABLE COMMUNICATIONS, LLC;Comcast;484659502011030;43; 987;  35,0;   0;   0;48465;1;0,5016777;25;3,0;ViaSat, Inc.;60
COMCAST CABLE COMMUNICATIONS, LLC;Comcast;485019502003008;43; 987;  35,0;   0;   0;48501;1;0,4244305;15;2,0;GCI Communication Corp.;60
Charter Communications, Inc.;Charter Communications Inc;485079503024043;43; 940;  35,0;   0;   0;48507;1;0,4633003;25;2,0;ViaSat, Inc.;60
Charter Communications, Inc.;Charter Communications Inc;485059504004007;43; 940;  35,0;   0;   0;48505;1;0,3873790;20;3,0;Border to Border Communications, Inc.;60
Charter Communications, Inc.;Charter Communications Inc;484930006002091;43; 940;  35,0;   0;   0;48493;1;0,5240183;25;3,0;Frontier Communications Corporation;60
Charter Communications, Inc.;Charter Communications Inc;483919504001048;43; 940;  35,0;   0;   0;48391;1;0,4405201;10;3,0;ViaSat, Inc.;60
Charter Communications, Inc.;Charter Communications Inc;481450002001185;43; 940;  35,0;   0;   0;48145;1;0,4685661;20;3,0;ViaSat, Inc.;60
Charter Communications, Inc.;Charter Communications Inc;481279504002001;43; 940;  35,0;   0;   0;48127;1;0,3752467;25;2,0;ViaSat, Inc.;60
Charter Communications, Inc.;Charter Communications Inc;480259506001300;43; 940;  35,0;   0;   0;48025;1;0,5290745;25;3,0;ViaSat, Inc.;60
TDS BROADBAND SERVICE LLC;TDS;480439503002148;42; 600;  20,0;   0;   0;48043;1;0,3498210;12;1,3;Big Bend Telephone Company, Inc.;60
Vyve Broadband A, LLC;Vyve Broadband;483579503003053;43; 500;  15,0;   0;   0;48357;1;0,4156175;15;2,0;Panhandle Telecommunication Systems Inc;60
Big Bend Telephone Company, Inc.;Big Bend Telecom;482439501001029;50; 400;  25,0;   0;   0;48243;1;0,4304731;18;1,3;ViaSat, Inc.;60
Big Bend Telephone Company, Inc.;Big Bend Telecom;483779501001021;50; 400;  25,0;   0;   0;48377;1;0,3231478;12;1,3;Big Bend Telephone Company, Inc.;60
Vyve Broadband A, LLC;Vyve Broadband;481119501001649;43; 300;  15,0;   0;   0;48111;1;0,5408330;25;3,0;ViaSat, Inc.;60
Vyve Broadband A, LLC;Vyve Broadband;482059502001012;43; 300;  15,0;   0;   0;48205;1;0,5429270;25;3,0;ViaSat, Inc.;60
Telecommunications Management, LLC d/b/a NewWave Communications;NewWave;484579504003030;42; 300;  10,0;   0;   0;48457;1;0,4756856;10;1,3;ViaSat, Inc.;60
ETEX Communications, LP;ETEX Communications, LP;483439503003042;50; 300;  50,0;   0;   0;48343;1;0,4741441;25;3,0;ViaSat, Inc.;60
Valor Telecommunications of Texas, LLC;Valor Telecommunications of Texas LP;484459503002059;50; 300;   1,5;   0;   0;48445;0;0,3914039;15;2,0;ViaSat, Inc.;60
Poka Lambro Telephone Cooperative, Inc.;Poka Lambro Telephone Cooperative, Inc.;483059506001313;50; 250;  25,0;   0;   0;48305;1;0,4309383;15;2,0;ViaSat, Inc.;60
Poka Lambro Telephone Cooperative, Inc.;Poka Lambro Telephone Cooperative, Inc.;480339501001099;50; 250;  25,0;   0;   0;48033;1;0,4082144;10;2,0;ViaSat, Inc.;60
Wes-Tex Telephone Cooperative, Inc.;Wes-Tex Telephone Cooperative;481739501001013;50; 250;  50,0; 500; 120;48173;1;0,4409367; 2;1,3;ViaSat, Inc.;60
Wes-Tex Telephone Cooperative, Inc.;Wes-Tex Telephone Cooperative;483839501001010;50; 250;  50,0; 500; 120;48383;1;0,3588661; 6;1,3;ViaSat, Inc.;60
FIVE AREA TELEPHONE COOP., INC.;FIVEAREA;480179501006086;50; 200;  75,0; 200;  75;48017;1;0,4143474;10;1,3;ViaSat, Inc.;60
Mid-Plains Rural Telephone Cooperative, Inc.;Mid-Plains Communications;480119501001257;50; 200; 100,0;   0;   0;48011;1;0,4718657;15;2,0;ViaSat, Inc.;60
Mid-Plains Rural Telephone Cooperative, Inc.;Mid-Plains Communications;480459502001000;50; 200; 100,0;   0;   0;48045;1;0,4463060;15;2,0;ViaSat, Inc.;60
Mid-Plains Rural Telephone Cooperative, Inc.;Mid-Plains Communications;481299503001127;50; 200; 100,0;   0;   0;48129;1;0,3480487;15;2,0;ViaSat, Inc.;60
Mid-Plains Rural Telephone Cooperative, Inc.;Mid-Plains Communications;481919505003030;50; 200; 100,0;   0;   0;48191;1;0,3661628;12;2,0;ViaSat, Inc.;60
Zito Media, L.P.;Zito Media LP;480019501002067;42; 200;  15,0;   0;   0;48001;1;0,4695101;25;2,0;ViaSat, Inc.;60
Zito Media, L.P.;Zito Media LP;485039504001081;42; 200;  15,0;   0;   0;48503;1;0,5530570;25;3,0;ViaSat, Inc.;60
Valor Telecommunications of Texas, LLC;Valor Telecommunications of Texas LP;480799501002167;50; 200;   1,5;   0;   0;48079;0;0,3863025;10;1,3;ViaSat, Inc.;60
Valor Telecommunications of Texas, LLC;Valor Telecommunications of Texas LP;481079502001104;50; 200; 200,0;   0;   0;48107;1;0,4466613;15;3,0;ViaSat, Inc.;60
Valor Telecommunications of Texas, LLC;Valor Telecommunications of Texas LP;481099503001562;50; 200; 200,0;   0;   0;48109;1;0,5004250;25;3,0;GCI Communication Corp.;60
Valor Telecommunications of Texas, LLC;Valor Telecommunications of Texas LP;482299503002772;50; 200;   1,5;   0;   0;48229;0;0,5065583;25;3,0;ViaSat, Inc.;60
Valor Telecommunications of Texas, LLC;Valor Telecommunications of Texas LP;482959503001388;50; 200; 200,0;   0;   0;48295;1;0,3746460;15;2,0;ViaSat, Inc.;60
Valor Telecommunications of Texas, LLC;Valor Telecommunications of Texas LP;483359504001133;50; 200; 200,0;   0;   0;48335;1;0,4587986;10;2,0;ViaSat, Inc.;60
Valor Telecommunications of Texas, LLC;Valor Telecommunications of Texas LP;483599501001081;50; 200; 200,0;   0;   0;48359;1;0,4981969;25;2,0;GCI Communication Corp.;60
Valor Telecommunications of Texas, LLC;Valor Telecommunications of Texas LP;483879501001004;50; 200;   1,5;   0;   0;48387;0;0,5735957;25;3,0;ViaSat, Inc.;60
Valor Telecommunications of Texas, LLC;Valor Telecommunications of Texas LP;483939501001697;50; 200; 200,0;   0;   0;48393;1;0,4119003;15;2,0;ViaSat, Inc.;60
Valor Telecommunications of Texas, LLC;Valor Telecommunications of Texas LP;484839501001048;50; 200; 200,0;   0;   0;48483;1;0,3566565;10;2,0;ViaSat, Inc.;60
South Plains Telephone Cooperative, Inc.;SOUTH PLAINS TELEPHONE COOPERATIVE;481259503001136;50; 150; 150,0;   0;   0;48125;1;0,5386383;25;3,0;ViaSat, Inc.;60
Suddenlink Communications;Suddenlink Communications;484299505003364;42; 150;   8,0;   0;   0;48429;1;0,5465482;25;3,0;ViaSat, Inc.;60
Suddenlink Communications;Suddenlink Communications;482639501001082;42; 150;   7,0;   0;   0;48263;1;0,4869411;10;3,0;ViaSat, Inc.;60
Southwest Texas Telephone Company;Southwest Texas Telephone Company;482719501001238;50; 100;  25,0; 100;  25;48271;1;0,4496285;10;1,3;ViaSat, Inc.;60
ViaSat, Inc.;Viasat Inc;482359501001000;60; 100;   3,0;   0;   0;48235;1;0,3655914; 4;1,3;GCI Communication Corp.;60
ViaSat, Inc.;Viasat Inc;482379501001000;60; 100;   3,0;   0;   0;48237;1;0,6528091;35;3,0;ViaSat, Inc.;60
ViaSat, Inc.;Viasat Inc;482559702002057;60; 100;   3,0;   0;   0;48255;1;0,4780856;25;1,5;SOUTHWESTERN BELL TELEPHONE COMPANY, L.P.;60
ViaSat, Inc.;Viasat Inc;484319501001000;60; 100;   3,0;   0;   0;48431;1;0,3615329; 4;1,3;GCI Communication Corp.;60
Dell Telephone Cooperative, Inc.;Dell Telephone Cooperative, Inc.;481039501001509;50; 100; 100,0;   0;   0;48103;1;0,4287433;15;1,3;ViaSat, Inc.;60
Dell Telephone Cooperative, Inc.;Dell Telephone Cooperative, Inc.;483019501001059;50; 100; 100,0;   0;   0;48301;1;0,4903997;10;1,3;ViaSat, Inc.;60
Dell Telephone Cooperative, Inc.;Dell Telephone Cooperative, Inc.;484759501001012;50; 100; 100,0;   0;   0;48475;1;0,4317567;10;1,3;ViaSat, Inc.;60
Dell Telephone Cooperative, Inc.;Dell Telephone Cooperative, Inc.;484959502001001;50; 100; 100,0;   0;   0;48495;1;0,4036255;10;1,3;GCI Communication Corp.;60
Big Bend Telephone Company, Inc.;Big Bend Telephone Company;484439501001061;50; 100;  25,0;   0;   0;48443;1;0,3530093; 3;1,3;Big Bend Telephone Company, Inc.;60
Resound Networks;Resound Networks LLC;480879503001157;70; 100;  10,0;   0;   0;48087;1;0,3704531;10;3,0;ViaSat, Inc.;60
Resound Networks;Resound Networks LLC;482119503001610;70; 100;  10,0;   0;   0;48211;1;0,3961597;15;2,0;ViaSat, Inc.;60
Hill Country Telephone Cooperative, Inc.;Hill Country Telephone Cooperative, Inc.;483279503001341;12;  50;  10,0;   0;   0;48327;1;0,4351001;12;2,0;ViaSat, Inc.;60
Arnold Burton;VGI Technology, Inc.;484139503002008;70;  50;   2,0; 100; 100;48413;0;0,3867790; 4;1,3;GCI Communication Corp.;60
Cap Rock Telephone Cooperative, Inc;Cap Rock Telephone Cooperative;483459501002902;50;  50;  50,0;   0;   0;48345;1;0,4854855;15;3,0;ViaSat, Inc.;60
